Start,Month1,Month2
63.74562125,65.38369413,81.34006075
62.98284515,66.24455643,69.31039804
65.98489038,67.69846959,77.89319461
107.2675785,102.7215481,91.32564405
66.58388526,69.44707669,72.86975472
120.4644487,119.9637568,114.2589422
62.01108841,66.09246778,68.01016772
71.87375789,73.61719641,55.43130608
83.00535118,75.81079095,71.62893221
76.62396732,67.65545751,68.6